,nombre,Este,Norte,Tipo Tecnología,zona o huso,Huso,Banda,Latitud,Longitud
0,PE CANELA II,252455.999594381,6532721.01792894,Eólica,19J,19,J,-31.31359877999033,-71.60114385691095
1,PE MONTE REDONDO,246429.999547605,6558791.01841099,Eólica,19J,19,J,-31.077327000669513,-71.65782602433812
2,PE TOTORAL,251545.999581876,6531368.01801292,Eólica,19J,19,J,-31.325599861474565,-71.61103426112967
3,PE PUNTA COLORADA,300187.601095726,6749678.36136697,Eólica,19J,19,J,-29.366221633310644,-71.05853062437109
4,PE CANELA,252276.000098161,6535518.99445907,Eólica,19J,19,J,-31.288341003485673,-71.60233996280286
6,PE TALINAY ORIENTE,252236.999607274,6581553.01782805,Eólica,19J,19,J,-30.87339074095994,-71.59145976052201
7,PE TALINAY ORIENTE,252236.999607274,6581553.01782805,Eólica,19J,19,J,-30.87339074095994,-71.59145976052201
10,PE LOS CURUROS,246372.999548402,6564046.01840466,Eólica,19J,19,J,-31.029949223365794,-71.65710551937764
11,PE EL ARRAYAN,241256.999512209,6613923.01877399,Eólica,19J,19,J,-30.57927299734879,-71.69805448553575
13,PE UCUQUER II,257924.999548059,6230005.0180914,Eólica,19H,19,H,-34.04271867095716,-71.6223083734521
14,PE PUNTA PALMERAS,248506.999558246,6541405.01825721,Eólica,19J,19,J,-31.234480882515186,-71.64041942455833
15,PE TALTAL,414420.999995366,7228198.01123929,Eólica,19J,19,J,-25.059477206282008,-69.84846385564033
19,PE TALINAY PONIENTE,251544.994774186,6582676.99747565,Eólica,19J,19,J,-30.863114003447055,-71.59841796310549
20,PE TALINAY PONIENTE,251544.994774186,6582676.99747565,Eólica,19J,19,J,-30.863114003447055,-71.59841796310549
32,PE SAN JUAN,260338.01409205,6803823.96711737,Eólica,19J,19,J,-28.87100100341336,-71.45714696692347
38,PE SIERRA GORDA ESTE,502596.0,7470021.0,Eólica,19K,19,K,-22.877677369741708,-68.97469135370397
48,PE VALLE DE LOS VIENTOS,518298.85371802,7513327.97569088,Eólica,19K,19,K,-22.48635434990037,-68.82210857757136
49,PE CABO LEONES,261753.0,6795484.0,Eólica,19J,19,J,-28.946473192527716,-71.44441390462741
53,PE SARCO,260575.87,6805623.41,Eólica,19J,19,J,-28.854818337746547,-71.4543287559117
55,PE PUNTA SIERRA,250445.0,6552494.0,Eólica,19,19,9,-31.13494635016929,-71.61733715673823
61,PE CABO LEONES II,261743.0,6790295.0,Eólica,19J,19,J,-28.993264483246463,-71.44561694237166
74,PMGD PE UCUQUER,258988.999563182,6229800.01799827,Eólica,19H,19,H,-34.04481085207797,-71.61084962165921
285,PE LEBU,619571.606484149,5828898.50360288,Eólica,18H,18,H,-37.67932615024746,-73.64401093168348
286,PE LEBU,619571.606484149,5828898.50360288,Eólica,18H,18,H,-37.67932615024746,-73.64401093168348
287,PE CUEL,721518.079360231,5845517.69709814,Eólica,18H,18,H,-37.51072423630393,-72.4937080453449
288,PE LEBU,619571.606484149,5828898.50360288,Eólica,18H,18,H,-37.67932615024746,-73.64401093168348
289,PE SAN PEDRO,587406.87699985,5319658.4568108,Eólica,18G,18,G,-42.2703873059528,-73.94009301501066
290,PE LEBU,619571.606484149,5828898.50360288,Eólica,18H,18,H,-37.67932615024746,-73.64401093168348
291,PE RENAICO I,736614.956651888,5844253.97967775,Eólica,18H,18,H,-37.518356003591514,-72.3226580390001
292,PE LOS BUENOS AIRES,720199.957508155,5842382.98421386,Eólica,18H,18,H,-37.53926800392851,-72.5076690356848
293,PE LA ESPERANZA,717419.022953446,5835410.0224131,Eólica,18H,18,H,-37.60272100398014,-72.53705003513623
294,PE SAN PEDRO II,589535.001522147,5318425.9692773,Eólica,18G,18,G,-42.281244005525025,-73.91410101192758
295,PE AURORA,655155.62,5432906.21,Eólica,18G,18,G,-41.24036881055846,-73.1484389566843
296,PE SAN GABRIEL,719962.364321,5828804.573386,Eólica,18S,18,S,-37.66159787788743,-72.50627552326704
297,PE EL MAITEN,716480.0,5872320.0,Eólica,18S,18,S,-37.27054881691958,-72.55850677497227
298,PE LA FLOR,711207.0,5825963.0,Eólica,18H,18,H,-37.68924396099294,-72.60463133930382
299,PE TOLPAN SUR,712859.0,5826350.0,Eólica,18H,18,H,-37.68537692306853,-72.58602368612632
300,PMGD PE RAKI,626115.000019601,5821372.01372519,Eólica,18H,18,H,-37.746267349080696,-73.56852262757262
301,PMGD PE HUAJACHE,625598.000020462,5821819.01371868,Eólica,18H,18,H,-37.74231077398919,-73.57446646938516
302,PMGD PE LAS PEÑAS,640085.000030543,5875282.01374886,Eólica,18H,18,H,-37.25849493070757,-73.42027791238733
303,PMGD PE LEBU III,620372.98641915,5832727.03198844,Eólica,18H,18,H,-37.644723005777074,-73.6355570169041
309,PMGD PE EL ARREBOL,623842.0,5844458.0,Eólica,18 H,18,H,-37.53855609777823,-73.59823037513924
310,PMGD PE EL NOGAL,727803.03,5836616.12,Eólica,18 H,18,H,-37.589348175637674,-72.41990080776921
5,PFV SDGX01,298624.0,6654191.0,Fotovoltaica,19 J,19,J,-30.227162989184734,-71.09248135659062
8,PFV LLANO DE LLAMPOS,383920.999998988,7000014.01190457,Fotovoltaica,19J,19,J,-27.11746062543199,-70.17114338836757
9,PFV DIEGO DE ALMAGRO,398305.99999554,7081876.01164037,Fotovoltaica,19J,19,J,-26.37958883405939,-70.01941657497538
12,PFV SAN ANDRES,389995.000000003,6984918.01189895,Fotovoltaica,19J,19,J,-27.254224523924567,-70.11122074085327
16,PFV LALACKAMA,367830.999996922,7221038.01156906,Fotovoltaica,19J,19,J,-25.120765117640058,-70.3109855488115
17,PFV CHAÑARES,393687.960760951,7082373.00085106,Fotovoltaica,19J,19,J,-26.374765004619846,-70.06566198883735
18,PFV SALVADOR,413356.999994266,7089238.01155333,Fotovoltaica,19J,19,J,-26.314116698254427,-69.86805890491604
21,PFV LALACKAMA II,367479.999990379,7222585.01157095,Fotovoltaica,19J,19,J,-25.106767095432936,-70.31431701057924
22,PFV JAVIERA,378888.999991777,7090428.0117643,Fotovoltaica,19 J,19,J,-26.300868347368084,-70.21322186910056
23,PFV LUZ DEL NORTE,410808.000003203,7011661.01173007,Fotovoltaica,19J,19,J,-27.01431833313518,-69.8990673261493
24,PFV PAMPA SOLAR NORTE,380662.999995166,7175314.01153116,Fotovoltaica,19J,19,J,-25.53466661511051,-70.18774955633259
25,PFV CARRERA PINTO,413884.999998982,7012836.01167534,Fotovoltaica,19J,19,J,-27.00390555316903,-69.86797219473186
26,PFV LA SILLA,331356.999956115,6756355.01318415,Fotovoltaica,19J,19,J,-29.310558811697913,-70.73652588893498
27,PFV LOS LOROS,384525.93,6918072.68,Fotovoltaica,19 J,19,J,-27.857120361646032,-70.17285178243361
28,PFV CONEJO SOLAR,368052.999991839,7174101.0116611,Fotovoltaica,19J,19,J,-25.54454643120858,-70.31335005318961
29,PFV QUILAPILUN,345852.99996231,6336248.01349883,Fotovoltaica,19 H,19,H,-33.101490075491704,-70.65191726645297
30,PFV PILOTO SOLAR CARDONES,363174.999987687,6958793.01217284,Fotovoltaica,19J,19,J,-27.487602721328898,-70.38501925647863
31,PFV SANTIAGO SOLAR,326509.966250028,6338084.97391017,Fotovoltaica,19H,19,H,-33.08201000492327,-70.85876897520897
33,PFV EL ROMERO,313298.974704955,6778249.31982178,Fotovoltaica,19J,19,J,-29.110512004273556,-70.91870397568205
34,PFV EL PELICANO,316228.0,6773585.0,Fotovoltaica,19J,19,J,-29.153015460089364,-70.88938582766473
35,PFV DOÑA CARMEN SOLAR,288375.0,6404151.0,Fotovoltaica,19H,19,H,-32.47975486600223,-71.25203580137968
36,PFV ESPERANZA,345836.00316111,6209729.00772223,Fotovoltaica,19H,19,H,-34.242131005303214,-70.67406097810425
37,PFV ANDES SOLAR,542260.0,7344264.0,Fotovoltaica,19J,19,J,-24.013070711399926,-68.58446983053659
39,PFV FINIS TERRAE,445661.143823937,7530254.47602963,Fotovoltaica,19K,19,K,-22.33267760729782,-69.52766722912219
40,PFV PAMPA CAMARONES,382189.518651841,7911787.07880453,Fotovoltaica,19K,19,K,-18.882629505868888,-70.11850216412431
41,PFV EL AGUILA,406372.0,7960260.0,Fotovoltaica,19K,19,K,-18.445822693369575,-69.88665562604687
42,PFV URIBE SOLAR,3754169.0,73933232.0,Fotovoltaica,19j,19,j,3.7598141352747385,-102.21812714895704
43,PFV MARIA ELENA,441564.100384206,7542376.01603726,Fotovoltaica,19,19,9,-22.223039442540383,-69.567009269532
44,PFV JAMA,530513.82244437,7503344.84735426,Fotovoltaica,19K,19,K,-22.576365717965764,-68.70316966553271
45,PFV JAMA,530513.82244437,7503344.84735426,Fotovoltaica,19K,19,K,-22.576365717965764,-68.70316966553271
46,PFV POZO ALMONTE SOLAR II,421068.269451652,7758263.55510031,Fotovoltaica,19K,19,K,-20.271771981098983,-69.75585667110921
47,PFV POZO ALMONTE SOLAR III,422096.158027148,7760606.20868413,Fotovoltaica,19K,19,K,-20.25064675827998,-69.7459130189332
50,PFV ANTAY,363645.0,6958075.0,Fotovoltaica,19J,19,J,-27.49413027548998,-70.38034359985436
51,PFV CERRO DOMINADOR,451070.0,7478539.0,Fotovoltaica,19K,19,K,-22.80001827835341,-69.47674859344234
52,PFV PUERTO SECO SOLAR,513545.0,7517259.0,Fotovoltaica,19K,19,K,-22.45088575687991,-68.86835638346692
54,PFV HUATACONDO,450915.0,7663213.0,Fotovoltaica,19 K,19,K,-21.131615615972077,-69.47270607166661
56,PFV ALMEYDA,390380.7,7102750.25,Fotovoltaica,19 J,19,J,-26.190551862564366,-70.09707708114921
57,PFV GRANJA SOLAR,449407.32,7698801.75,Fotovoltaica,19 K,19,K,-20.810017599849417,-69.48618433841645
58,PFV ANDES SOLAR II,542461.8,7343826.75,Fotovoltaica,19J,19,J,-24.017014574150622,-68.5824728807364
59,PFV SANTA ISABEL,438051.28,7563276.06,Fotovoltaica,19K,19,K,-22.034107620174183,-69.6002927776082
60,PFV USYA,515781.0,7513669.0,Fotovoltaica,19 K,19,K,-22.483298689664597,-68.84658909292904
62,PFV NUEVO QUILLAGUA,448876.65,7604872.0,Fotovoltaica,19K,19,K,-21.658664190139127,-69.49410307286107
63,PFV ATACAMA SOLAR II,453306.02,7730356.65,Fotovoltaica,19 K,19,K,-20.52499844088011,-69.4478829855137
64,PFV SAN PEDRO,523909.0,7506225.0,Fotovoltaica,19J,19,J,-22.55045263444976,-68.76746278678091
65,PFV LA HUELLA,315563.97,6774850.84,Fotovoltaica,19J,19,J,-29.141500124496194,-70.89599998750792
66,PFV MALGARIDA,404140.03,7094120.03,Fotovoltaica,19J,19,J,-26.269452114216243,-69.96002899839594
67,PFV MALGARIDA II,404129.0,7094012.95,Fotovoltaica,19J,19,J,-26.270418120545585,-69.96014740425562
68,PMGD PFV SANTA CECILIA,313827.999927815,6777519.01375862,Fotovoltaica,19J,19,J,-29.117177588882548,-70.91339169486292
69,PMGD PFV LAS TERRAZAS,367693.999994317,6943243.01219034,Fotovoltaica,19J,19,J,-27.628395250091767,-70.34099008887353
70,PMGD PFV LOMAS COLORADAS,306502.012019703,6547011.99221804,Fotovoltaica,19J,19,J,-31.194984004433007,-71.03082297284072
71,PMGD PFV PAMA,307272.980413137,6547980.06620873,Fotovoltaica,19J,19,J,-31.186382004445196,-71.02254997298394
72,PMGD PFV TECHOS DE ALTAMIRA,357141.08997007,6294500.60344268,Fotovoltaica,19H,19,H,-33.47945880065153,-70.53757704141923
73,PMGD PFV TAMBO REAL,329345.499953447,6674521.10346584,Fotovoltaica,19J,19,J,-30.048491703158167,-70.77011946897404
75,PMGD PFV HORNITOS,382588.0,6931619.0,Fotovoltaica,19 J,19,J,-27.73468791399275,-70.19119771586035
76,PMGD PFV LUNA DEL NORTE,338023.999958914,6675560.01323869,Fotovoltaica,19J,19,J,-30.040300694085513,-70.67997648507935
77,PMGD PFV SOL DEL NORTE,337646.479964422,6675562.95324313,Fotovoltaica,19J,19,J,-30.04022411367997,-70.68389017141915
78,PMGD PFV LA CHAPEANA,297504.999871546,6622199.01466664,Fotovoltaica,19J,19,J,-30.51547976541938,-71.11029197746355
79,PMGD PFV  LAS MOLLACAS,286874.999828888,6604316.01524713,Fotovoltaica,19J,19,J,-30.674889790847786,-71.22468611747612
80,PMGD PFV LAGUNILLA,297334.0,6623075.0,Fotovoltaica,19 J,19,J,-30.50755148172902,-71.11190220463331
81,PMGD PFV TILTIL,330040.999937788,6352119.01387864,Fotovoltaica,19H,19,H,-32.95604027966474,-70.81835422400621
82,PMGD PFV BELLAVISTA,289377.99982518,6494513.01531801,Fotovoltaica,19J,19,J,-31.665345783664065,-71.22157411250683
83,PMGD PFV ALTOS DEL PAICO,309536.0,6274484.0,Fotovoltaica,19 H,19,H,-33.652470550353975,-71.05396464592557
84,PMGD PFV EL DIVISADERO,296518.999864316,6585324.01478354,Fotovoltaica,19J,19,J,-30.847831305303767,-71.12784314427137
85,PMGD PFV ALTURAS DE OVALLE,285256.51,6617641.72,Fotovoltaica,19 J,19,J,-30.554443709267034,-71.23880215235403
86,PMGD PFV HORMIGA SOLAR,338781.0,6378884.0,Fotovoltaica,19 H,19,H,-32.71603906450946,-70.72022300413379
87,PMGD PFV SAN PEDRO,274245.09778575,6246022.67667995,Fotovoltaica,19H,19,H,-33.9020310039767,-71.44153396484745
88,PMGD PFV EL BOCO,290045.679150873,6362468.88959448,Fotovoltaica,19H,19,H,-32.85579200425533,-71.24364296860621
89,PMGD PFV EL SAUCE,367831.0,7221038.0,Fotovoltaica,19J,19,J,-25.12076522209241,-70.31098554989562
90,PMGD PFV ÑILHUE,319454.0,6379160.0,Fotovoltaica,19 H,19,H,-32.71055276947333,-70.92629526980569
91,PMGD PFV LIRIO DEL CAMPO,299295.0,6280594.0,Fotovoltaica,19S,19,S,-33.595517217816,-71.16295945579215
92,PMGD PFV EL LAUREL,312590.930236693,6271484.41640671,Fotovoltaica,19 H,19,H,-33.680051004701035,-71.02167097234852
93,PMGD PFV EL ROBLE,279692.24,6231713.62,Fotovoltaica,19 H,19,H,-34.03212512216358,-71.38626893420032
94,PMGD PFV LOS PUQUIOS,443093.82,7740031.05,Fotovoltaica,19 K,19,K,-20.437302108712625,-69.54552498420138
95,PMGD PFV PAS1,421529.77,7758759.58,Fotovoltaica,19 K,19,K,-20.26730908822413,-69.75141600931863
96,PMGD PFV PICA,453180.0,7733210.0,Fotovoltaica,19 K,19,K,-20.49921278110701,-69.44901656940985
97,PMGD PFV CALAMA SOLAR,513377.98,7518008.61,Fotovoltaica,19 K,19,K,-22.444115060065872,-68.86998595718
98,PMGD PFV LAS TURCAS,288963.95,6257359.61,Fotovoltaica,19 H,19,H,-33.80291468815134,-71.27974705637774
99,PMGD PFV MARCHIGUE II,254883.26,6189538.13,Fotovoltaica,19H,19,H,-34.40657117676943,-71.66669993799503
100,PMGD PFV QUINTA SOLAR,340142.0,6344205.0,Fotovoltaica,19 H,19,H,-33.02892193815314,-70.71170619356445
101,PMGD PFV SAN FRANCISCO,340903.06,6342978.48,Fotovoltaica,19 H,19,H,-33.04009214984058,-70.70377302666279
102,PMGD PFV VALLE DE LA LUNA II,328191.0,6315489.0,Fotovoltaica,19 H,19,H,-33.28598960294673,-70.8450330135994
103,PMGD PFV FRANCISCO,349375.775296907,6236615.8606743,Fotovoltaica,19H,19,H,-34.00026300535354,-70.63097497880823
104,PMGD PFV PANQUEHUE II,330260.59,6371919.42,Fotovoltaica,19H,19,H,-32.77755331169818,-70.81236975608607
105,PMGD PFV EL QUELTEHUE,294418.0,6284360.0,Fotovoltaica,19 H,19,H,-33.5606453322512,-71.21461659479387
106,PMGD PFV SANTUARIO SOLAR,342083.94,6359442.65,Fotovoltaica,19H,19,H,-32.891815128044065,-70.68830494977294
107,PMGD PFV DON EUGENIO,280308.0,6205882.0,Fotovoltaica,19 H,19,H,-34.26501994294484,-71.3861441915025
108,PMGD PFV EL PILPEN,291800.78,6284508.69,Fotovoltaica,19H,19,H,-33.558797755034384,-71.2427570162903
109,PMGD PFV LA MANGA,262124.33,6244472.07,Fotovoltaica,19 H,19,H,-33.91333481770439,-71.5729269424241
110,PMGD PFV LA FRONTERA,246919.73,6142740.89,Fotovoltaica,19H,19,H,-34.826179485227144,-71.76721510509172
111,PMGD PFV CHIMBARONGO,319808.75597629,6144931.72459167,Fotovoltaica,19H,19,H,-34.82195400485064,-70.97026797315476
112,PMGD PFV PORTEZUELO,262512.0,6205942.0,Fotovoltaica,19H,19,H,-34.260565310733575,-71.57924974598794
113,PMGD PFV LOS GORRIONES,251144.0,6008745.0,Fotovoltaica,19 H,19,H,-36.034048106601304,-71.76200691324492
114,PMGD PFV HOMERO SOLAR,348476.61,6240608.29,Fotovoltaica,19 H,19,H,-33.96414084700272,-70.64001616958441
115,PMGD PFV DIEGO DE ALMAGRO SOLAR,393604.7,7082750.0,Fotovoltaica,19 J,19,J,-26.37135530966657,-70.06646522591286
116,PMGD PFV CABILSOL,302423.0,6405798.0,Fotovoltaica,19H,19,H,-32.46749271037049,-71.10228663511984
117,PMGD PFV EL PITIO,256822.23,6015634.7,Fotovoltaica,19H,19,H,-35.97343476043123,-71.69693350991909
118,PMGD PFV PERALILLO,252873.09,6119285.04,Fotovoltaica,19 H,19,H,-35.038919886347415,-71.70912767645886
119,PMGD PFV MOSTAZAL,345247.0,6238893.0,Fotovoltaica,19H,19,H,-33.979133665983106,-70.67526224610944
120,PMGD PFV LA ACACIA,308515.0,6182290.0,Fotovoltaica,19 H,19,H,-34.48322130385554,-71.08523515374003
121,PMGD PFV CUZ CUZ,290031.56,6494727.58,Fotovoltaica,19J,19,J,-31.663531177020726,-71.21463905059824
122,PMGD PFV LUDERS,349636.7,6237416.1,Fotovoltaica,19 H,19,H,-33.993086051364074,-70.62801300376834
123,PMGD PFV OVEJERIA,335172.0,6336617.0,Fotovoltaica,19H,19,H,-33.09659404284588,-70.76626804141561
124,PMGD PFV LOS PATOS,262641.0,6086631.0,Fotovoltaica,19 H,19,H,-35.33540413535805,-71.6115479021591
125,PMGD PFV OCOA,307162.02,6369451.56,Fotovoltaica,19H,19,H,-32.79599073005256,-71.05938499929
126,PMGD PFV TALHUEN,283953.0,6616991.0,Fotovoltaica,19H,19,H,-30.560076851125974,-71.25251862517702
127,PMGD PFV SANTA LAURA,308995.0,6413605.0,Fotovoltaica,19H,19,H,-32.39825679576154,-71.03081789692936
128,PMGD PFV CATAN SOLAR,351064.0,6377050.0,Fotovoltaica,19H,19,H,-32.73430609965228,-70.58950097318066
129,PMGD PFV VILLA PRAT,260592.75,6111271.2,Fotovoltaica,19H,19,H,-35.1129668107358,-71.62689532523854
130,PMGD PFV EL PICURIO,311554.89,6147429.48,Fotovoltaica,19H,19,H,-34.79794986688196,-71.0599073500574
131,PMGD PFV EL CHINCOL,243081.0,5980709.0,Fotovoltaica,19 H,19,H,-36.28440362414222,-71.86056176756412
132,PMGD PFV ALTO SOLAR,259179.98,6246280.19,Fotovoltaica,19 H,19,H,-33.89637495698659,-71.60424941502328
133,PMGD PFV ALICAHUE,321436.0,6411744.0,Fotovoltaica,19 H,19,H,-32.41709777179086,-70.8989578583438
134,PMGD PFV ENCON SOLAR,336152.73,6377534.9,Fotovoltaica,19 H,19,H,-32.72781551347341,-70.7484931668661
135,PMGD PFV CINTAC,339830.0,6290423.0,Fotovoltaica,19 H,19,H,-33.51376965243355,-70.72455404212226
136,PMGD PFV OLIVILLO,277269.0,6314048.0,Fotovoltaica,19 H,19,H,-33.28965961414497,-71.39186477776336
137,PMGD PFV PIQUERO,272158.0,6313082.0,Fotovoltaica,19 H,19,H,-33.297296821220606,-71.44695091584462
138,PMGD PFV VALLE SOLAR ESTE II,362381.0,6974010.0,Fotovoltaica,19 J,19,J,-27.350183428850144,-70.39133225811327
139,PMGD PFV VALLE SOLAR OESTE II,362149.0,6973930.0,Fotovoltaica,19 J,19,J,-27.350882080965828,-70.39368626178434
140,PMGD PFV EL QUEMADO,310354.0,6409404.0,Fotovoltaica,19 H,19,H,-32.43636332839631,-71.01721929285488
141,PMGD PFV RODEO,316185.0,6372219.0,Fotovoltaica,19 H,19,H,-32.77258848221641,-70.96252738847208
142,PMGD PFV EL QUEULE,279275.0,6210657.0,Fotovoltaica,19 H,19,H,-34.22177520716263,-71.39613506099961
143,PMGD PFV LUNA,278119.0,6211449.0,Fotovoltaica,19 H,19,H,-34.214393032711,-71.40847137704137
144,PMGD PFV MALAQUITA SOLAR II,383714.0,6919670.0,Fotovoltaica,19 J,19,J,-27.84263328983614,-70.18094079499647
145,PMGD PFV PUNTA BAJA SOLAR,301300.24,6750563.29,Fotovoltaica,19 J,19,J,-29.358416244204413,-71.04691426570272
146,PMGD PFV CACHIYUYO SOLAR II,380117.0,6919840.0,Fotovoltaica,19 J,19,J,-27.840781565072284,-70.2174463258144
147,PMGD PFV LA BLANQUINA,347785.65,6229370.92,Fotovoltaica,19 H,19,H,-34.06534760394763,-70.64945065265955
148,PMGD PFV CALLE LARGA,349200.0,6360400.0,Fotovoltaica,19 H,19,H,-32.88418665698195,-70.61209637335895
149,PMGD PFV MARIN,337545.0,6370964.0,Fotovoltaica,19 H,19,H,-32.78726888138661,-70.73479017677305
150,PMGD PFV VITUCO 2B,258424.0,6202452.0,Fotovoltaica,19 H,19,H,-34.29106480688798,-71.62458463152333
151,PMGD PFV ARIZTIA,285954.67,6422067.75,Fotovoltaica,19 H,19,H,-32.317788034440575,-71.2737212180449
152,PMGD PFV LO SIERRA,284822.0,6237156.0,Fotovoltaica,19 H,19,H,-33.98414705248523,-71.32940636303934
153,PMGD PFV CRUCERO,270266.0,6182383.0,Fotovoltaica,19 H,19,H,-34.474569449444004,-71.50141331513193
154,PMGD PFV PIRQUE,349728.38,6272007.57,Fotovoltaica,19 H,19,H,-33.68123893658286,-70.62112049826419
155,PMGD PFV POBLACION,265164.0,6184168.0,Fotovoltaica,19 H,19,H,-34.45733872009404,-71.5564265235196
156,PMGD PFV LA LAJUELA,280948.0,6163389.0,Fotovoltaica,19 H,19,H,-34.648034550729406,-71.39008907905202
157,PMGD PFV GR SANTA ROSA,288382.93,6235223.85,Fotovoltaica,19 H,19,H,-34.00228261494604,-71.29135242729478
158,PMGD PFV PEDREROS SOLAR,321262.0,6369117.0,Fotovoltaica,19 H,19,H,-32.801392349555066,-70.90894590135774
159,PMGD PFV SANTA CLARA,268359.0,6611269.0,Fotovoltaica,19 J,19,J,-30.60875172984693,-71.41626492813509
160,PMGD PFV LIPANGUE,321580.0,6309545.0,Fotovoltaica,19 H,19,H,-33.33850003640192,-70.91716659765913
161,PMGD PFV ALTOS DE TILTIL,323741.0,6336378.0,Fotovoltaica,19 H,19,H,-33.096953210533584,-70.88875086003615
162,PMGD PFV LOS PERALES,285470.0,6330070.0,Fotovoltaica,19 H,19,H,-33.14692054890915,-71.3000754658761
163,PMGD PFV SANTA ADRIANA,317280.0,6270160.0,Fotovoltaica,19 H,19,H,-33.69280637602627,-70.97138686188178
164,PMGD PFV TRICAHUE II,332227.0,6196492.0,Fotovoltaica,19 H,19,H,-34.35934160693208,-70.82435634822052
165,PMGD PFV CASUTO,339757.0,6363911.0,Fotovoltaica,19 H,19,H,-32.85118785192844,-70.71239821899842
166,PMGD PFV ROVIAN,296074.0,6163550.0,Fotovoltaica,19 H,19,H,-34.64970646545402,-71.22512376439667
167,PMGD PFV NORTE CHICO,295692.0,6446534.0,Fotovoltaica,19 H,19,H,-32.099044773398724,-71.16511639602408
168,PMGD PFV RANGUIL,247189.0,6145132.0,Fotovoltaica,19 H,19,H,-34.804709207152584,-71.76355411169851
169,PMGD PFV CHALINGA SOLAR,313200.0,6484355.0,Fotovoltaica,19 J,19,J,-31.76106602208047,-70.97238088793408
170,PMGD PFV CRUZ SOLAR,325270.0,6370010.0,Fotovoltaica,19 H,19,H,-32.793986311372244,-70.86599154164412
171,PMGD PFV ILLAPEL 5X,296725.0,6500490.0,Fotovoltaica,19 J,19,J,-31.61278277506499,-71.14289064533153
172,PMGD PFV EL CONDOR,314475.0,6138606.0,Fotovoltaica,19 H,19,H,-34.878003152760655,-71.02995712008551
173,PMGD PFV TALCA,268122.54,6072620.6,Fotovoltaica,19 H,19,H,-35.46289548315054,-71.55527268762128
174,PMGD PFV MONTT SOLAR,305334.26,6421681.24,Fotovoltaica,19 H,19,H,-32.32481324432692,-71.06805950830194
175,PMGD PFV RLA SOLAR,275711.0,6246167.0,Fotovoltaica,19 H,19,H,-33.90104364315113,-71.42565590589378
176,PMGD PFV CANESA SOLAR,298254.0,6488579.0,Fotovoltaica,19 J,19,J,-31.720442231872216,-71.12923105079837
177,PMGD PFV LAS PERDICES,264937.0,6084221.0,Fotovoltaica,19 H,19,H,-35.3576556615753,-71.58700165647046
178,PMGD PFV MARCHIHUE VII,258847.91,6189866.43,Fotovoltaica,19 H,19,H,-34.40454598166131,-71.62351510125457
179,PMGD PFV DOÑIHUE,320054.0,6204738.0,Fotovoltaica,19 H,19,H,-34.282975006242204,-70.95493462408105
180,PMGD PFV JAURURO SOLAR,286515.0,6406994.0,Fotovoltaica,19 H,19,H,-32.45377234312527,-71.27117222702593
181,PMGD PFV TUCUQUERE,315454.0,6370924.0,Fotovoltaica,19 H,19,H,-32.78414087463746,-70.97058545208571
182,PMGD PFV JOSE SOLER MALLAFRE,314250.0,6136325.0,Fotovoltaica,19 H,19,H,-34.898518211657034,-71.0329240683369
183,PMGD PFV PLACILLA SOLAR,307864.29,6168573.63,Fotovoltaica,19 H,19,H,-34.6067131932961,-71.09541428816645
184,PMGD PFV VILLA SECA,244530.97,6027690.54,Fotovoltaica,19H,19,H,-35.8617314259346,-71.82923050158992
185,PMGD PFV LUCE SOLAR,260790.21,6244814.26,Fotovoltaica,19H,19,H,-33.9099495320299,-71.58725105846956
186,PMGD PFV LA LIGUA,290230.61,6409675.14,Fotovoltaica,19H,19,H,-32.430310313599094,-71.23107378916855
187,PMGD PFV SAN ISIDRO,334772.0,6205419.0,Fotovoltaica,19H,19,H,-34.279282831762885,-70.79497978087393
188,PMGD PFV LAS MERCEDES,334183.0,6205604.0,Fotovoltaica,19H,19,H,-34.2775213546145,-70.80134011057935
189,PMGD PFV BELLAVISTA 1,427975.0,7700156.0,Fotovoltaica,19 K,19,K,-20.797074242812403,-69.69207866262903
190,PMGD PFV CITRINO,324071.23,6283980.7,Fotovoltaica,19 H,19,H,-33.569366864846245,-70.89541950659644
191,PMGD PFV ECLIPSE SOLAR,275656.0,6245575.0,Fotovoltaica,19 H,19,H,-33.90636641438315,-71.42640146664422
192,PMGD PFV PILPILEN,246358.0,6217437.0,Fotovoltaica,19 H,19,H,-34.153200409439506,-71.75114946862455
193,PMGD LORETO SOLAR,309990.0,6208920.0,Fotovoltaica,19 H,19,H,-34.24349131747315,-71.06328823427519
194,PMGD PFV EL ESTERO,278782.0,6210778.0,Fotovoltaica,19 H,19,H,-34.22058025996933,-71.40145185778255
195,PMGD PFV RINCONADA,333004.0,6191196.0,Fotovoltaica,19 H,19,H,-34.40720435712451,-70.81694224363372
196,PMGD PFV LO MIRANDA,326622.0,6214186.0,Fotovoltaica,19 H,19,H,-34.198931203265644,-70.8817177733718
197,PMGD PFV KONDA,339899.13,6372146.26,Fotovoltaica,19 H,19,H,-32.77695445271216,-70.70945720351654
198,PMGD PFV LOS PALTOS,308844.76,6413652.93,Fotovoltaica,19 H,19,H,-32.3977989359611,-71.03240474142925
199,PMGD PFV LAS ROJAS,294985.0,6696011.0,Fotovoltaica,19 J,19,J,-29.84940769046314,-71.12221619214777
200,PMGD PFV GUADALAO,263163.12,6206745.42,Fotovoltaica,19 H,19,H,-34.253475516476435,-71.57196406931473
201,PMGD PFV PARAGUAY,287924.0,6111894.0,Fotovoltaica,19 H,19,H,-35.11348266899178,-71.3270777804984
202,PMGD PFV RAUQUEN,304083.0,6134362.0,Fotovoltaica,19 H,19,H,-34.91429574455939,-71.14458863639729
203,PMGD PFV LA ESTANCIA,310329.0,6231267.0,Fotovoltaica,19 H,19,H,-34.04214238455003,-71.05472559307431
204,PMGD PFV LAS CHACRAS,286515.0,6406994.0,Fotovoltaica,19 H,19,H,-32.45377234312527,-71.27117222702593
205,PMGD PFV CHACABUCO,340041.0,6352431.0,Fotovoltaica,19 H,19,H,-32.95473860593528,-70.71135480829538
206,PMGD PFV VILLA CRUZ,238976.1,6057640.8,Fotovoltaica,19J,19,J,-35.59056872225467,-71.88094395741551
207,PMGD PFV PULLALLI SOLAR,286466.0,6406821.0,Fotovoltaica,19 J,19,J,-32.45532237250422,-71.27173231742796
208,PMGD PFV MARIA PINTO,295180.07,6289663.21,Fotovoltaica,19 H,19,H,-33.5129946312564,-71.2051979952234
209,PMGD PFV TRICA-DOS,266260.0,6057530.0,Fotovoltaica,19 H,19,H,-35.598387887160435,-71.58013021155779
210,PMGD PFV LLANOS DE POTROSO,320000.0,6706960.0,Fotovoltaica,19 J,19,J,-29.754554258275355,-70.86156494850847
211,PMGD PFV CATEMU,315940.0,6376523.0,Fotovoltaica,19 H,19,H,-32.733745144041364,-70.96428961148729
212,PMGD PFV EL CHUCAO,236016.0,6009714.0,Fotovoltaica,19 H,19,H,-36.02133972240779,-71.92939477334802
213,PMGD PFV JAHUEL,347960.0,6382585.0,Fotovoltaica,19 H,19,H,-32.68397169539785,-70.62171325604983
214,PMGD PFV DARLIN SOLAR,327006.0,6263290.0,Fotovoltaica,19 S,19,S,-33.756365669154434,-70.8678434570749
215,PMGD PFV UTFSM VALPARAISO VALDES,257834.3,6341882.61,Fotovoltaica,19H,19,H,-33.03465579624522,-71.59299347546826
216,PMGD PFV UTFSM VIÑA DEL MAR,267890.09,6341991.53,Fotovoltaica,19H,19,H,-33.0358649998905,-71.48538308677041
217,PMGD PFV COVADONGA,369631.0,7075755.0,Fotovoltaica,19 J,19,J,-26.432508057165617,-70.30743420841578
218,PMGD PFV GIRASOLES,307327.5,6301437.56,Fotovoltaica,19H,19,H,-33.40912201544661,-71.07196207746674
219,PMGD PFV DON MARIANO,333133.1,6182436.36,Fotovoltaica,19H,19,H,-34.48618212214736,-70.81724788671445
220,PMGD PFV PARQUE SOLAR SANTA FE,254907.19,6054707.2,Fotovoltaica,19H,19,H,-35.6210640174046,-71.70618235318858
221,PMGD PFV ÑIQUEN,249260.12,5980069.02,Fotovoltaica,19 H,19,H,-36.291792049964194,-71.79204287273177
222,PMGD PFV ANTONIA SOLAR,320408.4,6192202.31,Fotovoltaica,19H,19,H,-34.396022650299734,-70.95370562899001
223,PMGD PFV VILLA ALEGRE,254862.0,6046854.0,Fotovoltaica,19 H,19,H,-35.69178158421204,-71.70907013728119
224,PMGD PFV QUELTEHUE SOLAR,6193158.82,320048.89,Fotovoltaica,19 H,19,H,-44.56616850382687,18.189394852520493
225,PMGD PFV PITOTOY,6193061.0,319927.0,Fotovoltaica,19 H,19,H,-44.566842767610176,18.190409208937453
226,PMGD PFV LA CHIMBA BIS,285885.28,6606788.16,Fotovoltaica,19J,19,J,-30.652421665002233,-71.23449742402369
227,PMGD PFV GR LEMU,247117.09,6055548.86,Fotovoltaica,19 H,19,H,-35.61152212269262,-71.79184282904288
228,PMGD PFV SANTA AMELIA,288126.29,6189779.72,Fotovoltaica,19H,19,H,-34.411742859987456,-71.30525742468168
229,PMGD PFV EL LITRE SOLAR,334138.0,6332974.0,Fotovoltaica,19S,19,S,-33.1292813487417,-70.77800531711321
230,PMGD PFV SOL DE SEPTIEMBRE,326247.0,6313882.7,Fotovoltaica,19H,19,H,-33.30015905604599,-70.86620816434703
231,PMGD PFV TREBAL SOLAR,328986.0,6290033.0,Fotovoltaica,19S,19,S,-33.51560532079358,-70.8413352275819
232,PMGD PFV GRANADA,262166.31,6033966.91,Fotovoltaica,19H,19,H,-35.80964200640512,-71.63224798124584
233,PMGD PFV COCHARCAS,222913.0,5953084.0,Fotovoltaica,19H,19,H,-36.52750927995336,-72.09468644573937
234,PMGD PFV VICTORIA,504066.639,7515496.029,Fotovoltaica,19S,19,S,-22.46686138165984,-68.96047185492138
235,PMGD PFV SAN RAMIRO,278258.06,62345212.25,Fotovoltaica,19H,19,H,-51.869192641491665,-63.49800412552989
236,PMGD PFV FILOMENA SOLAR,348550.0,6379891.0,Fotovoltaica,19H,19,H,-32.708345262059,-70.61585999622915
237,PMGD PFV PUENTE SOLAR,328772.15,6286056.7,Fotovoltaica,19 H,19,H,-33.551417092300404,-70.84439801848062
238,PMGD PFV PEPA SOLAR,330220.0,6263360.0,Fotovoltaica,19H,19,H,-33.756254786955914,-70.83314363991323
239,PMGD PFV CIPRES,262321.0,6033434.0,Fotovoltaica,19H,19,H,-35.81447923058704,-71.63069597097089
240,PMGD PFV EL GUANACO SOLAR,327184.0,6284777.0,Fotovoltaica,19H,19,H,-33.562697335335066,-70.86174465409573
241,PMGD PFV LAS TORCAZAS,259250.0,6196340.0,Fotovoltaica,19 H,19,H,-34.346319791047115,-71.61732870308472
242,PMGD PFV LOS TILOS,307289.24,6369024.65,Fotovoltaica,19H,19,H,-32.799861582032335,-71.05811582835625
243,PMGD PFV EL BOCO,289943.0,6362751.0,Fotovoltaica,19 H,19,H,-32.853229484383945,-71.24467543943982
244,PMGD PFV PARQUE SOLAR BICENTENARIO,244160.0,5996671.0,Fotovoltaica,19H,19,H,-36.14096093825546,-71.84335242579884
245,PMGD PFV CANELILLO,285105.0,6490330.0,Fotovoltaica,19 S,19,S,-31.702263948552186,-71.2675315572782
246,PMGD PFV  COCINILLAS,297769.0,6498512.0,Fotovoltaica,19 S,19,S,-31.630800730828728,-71.13229830543534
247,PMGD PFV CAIMI,275740.94,6313475.03,Fotovoltaica,19H,19,H,-33.2945063963044,-71.40840369526997
248,PMGD PFV QUILLAY,299106.0,6275512.0,Fotovoltaica,19 S,19,S,-33.641285752120545,-71.16614122619802
249,PMGD PFV  SANTA CAROLINA,325733.0,6160372.0,Fotovoltaica,19H,19,H,-34.683825280760495,-70.90232766911807
250,PMGD PFV CANDELARIA SOLAR,349571.0,6234198.0,Fotovoltaica,19H,19,H,-34.022088621817524,-70.62927821248377
251,PMGD PFV DON JORGE (EX PERALILLO),271118.0,6181260.0,Fotovoltaica,19H,19,H,-34.48487675839523,-71.49244530606187
252,PMGD PFV PARQUE SOLAR SAN JAVIER,256818.0,6057915.0,Fotovoltaica,19H,19,H,-35.592644542795,-71.68413919750765
253,PMGD PFV EL ROMERAL,313559.0,6154670.0,Fotovoltaica,19H,19,H,-34.73306652709745,-71.03640877196608
254,PMGD PFV PITRA,259094.0,6304978.0,Fotovoltaica,19H,19,H,-33.367478392842926,-71.58929377800142
255,PMGD PFV GR RAULI,292374.0,6114000.0,Fotovoltaica,19H,19,H,-35.09543468583905,-71.27775507563774
256,PMGD PFV SANTA INES SOLAR,326064.0,6333214.0,Fotovoltaica,19H,19,H,-33.125852659682515,-70.86447227391993
257,PMGD PFV QUINANTU SOLAR,265935.0,6068768.0,Fotovoltaica,19h,19,h,-35.49708541114196,-71.58046705345424
258,PMGD PFV SATURNO NORTE,282785.04,6041436.48,Fotovoltaica,19H,19,H,-35.747133121701765,-71.40221054919408
259,PMGD PFV MERCURIO SUR,282509.5,6040873.02,Fotovoltaica,19H,19,H,-35.75214809650645,-71.40540819230173
260,PMGD PFV MALINKE,288155.0,6260478.0,Fotovoltaica,19H,19,H,-33.774649933659774,-71.2877318551542
261,PMGD PFV DON ANDRONICO,285480.27,6236425.53,Fotovoltaica,19H,19,H,-33.99086436194827,-71.32246456636271
262,PMGD PFV EL SALITRAL,306995.0,6546255.0,Fotovoltaica,19J,19,J,-31.2018915631774,-71.02579714712621
263,PMGD PFV PAINE,502816.0,7513903.0,Fotovoltaica,19K,19,K,-22.481255390768876,-68.97262536398462
264,PMGD PFV PARQUE SOLAR OVALLE NORTE,285141.0,6616027.0,Fotovoltaica,19J,19,J,-30.56898279539624,-71.24034027409282
265,PMGD PFV TRINIDAD,264050.0,6197450.0,Fotovoltaica,19H,19,H,-34.337423605741776,-71.56488705232806
266,PMGD PFV LUMBRERAS,285705.0,6274772.0,Fotovoltaica,19H,19,H,-33.645339535213445,-71.31071644272299
267,PMGD PFV LINGUE,277419.047,6303899.0,Fotovoltaica,19H,19,H,-33.381153493522,-71.39275547476443
268,PMGD PFV LAS MAJADAS,314352.0,6605240.0,Fotovoltaica,19 J,19,J,-30.671151162759596,-70.93785199559386
269,PMGD PFV VILLA SOLAR,260800.0,6111800.0,Fotovoltaica,19S,19,S,-35.10825273655611,-71.62447056942636
270,PMGD PFV PARQUE SOLAR MEMBRILLO,317454.0,6148288.0,Fotovoltaica,19H,19,H,-34.791286829741466,-70.99527247730623
271,PMGD PFV TAMARUGO,432853.0,7747647.0,Fotovoltaica,19K,19,K,-20.368151324558283,-69.64340739180516
272,PMGD PFV CASABERMEJA,317326.0,6289143.0,Fotovoltaica,19 H,19,H,-33.52169862457164,-70.9669995063068
273,PMGD PFV KAUFMANN,337296.0,6314369.0,Fotovoltaica,19H,19,H,-33.29750001672516,-70.74749767600673
274,PMGD PFV CURACAVI,300778.0,6309154.0,Fotovoltaica,19H,19,H,-33.338373783604005,-71.14064676650463
275,PMGD PFV SANTA RITA,239648.0,5951577.0,Fotovoltaica,19H,19,H,-36.545779578274534,-71.90851253357228
276,PMGD PFV NAHUEN,297157.0,6263448.0,Fotovoltaica,19H,19,H,-33.749645897463424,-71.18990083460463
277,PMGD PFV PRETTY FIELD,279016.0,6601782.0,Fotovoltaica,19J,19,J,-30.696307032825008,-71.30721002714142
278,PMGD PFV GR PITAO,304338.0,6143801.0,Fotovoltaica,19H,19,H,-34.82928711539831,-71.1395933528695
279,PMGD PFV LINARES SOLAR,262841.0,6029130.0,Fotovoltaica,19 H,19,H,-35.85336985772328,-71.62622392263555
280,PMGD PFV LOS LAGOS,281128.0,6206916.0,Fotovoltaica,19 H,19,H,-34.25587585248426,-71.37698242822447
281,PMGD PFV RINCONADA NORTE (SLK 808),341645.0,6385394.0,Fotovoltaica,19 H,19,H,-32.657754517378216,-70.6885699436399
282,PMGD PFV LAS CABRAS,286479.0,6196755.0,Fotovoltaica,19H,19,H,-34.34855008669676,-71.32143150734596
283,PMGD PFV VICENTE SOLAR,349949.0,6272168.0,Fotovoltaica,19 H,19,H,-33.67982373120012,-70.6187141810834
284,PMGD PFV SANTA ESTER,232297.0,5957865.0,Fotovoltaica,19 H,19,H,-36.48713908443342,-71.9883547713396
304,PMGD PFV EL CERNICALO II,735369.74,5965005.33,Fotovoltaica,18H,18,H,-36.43132762061251,-72.37438347094344
305,PMGD PFV EL CERNICALO,735327.76,5964921.32,Fotovoltaica,18H,18,H,-36.43209449319176,-72.37482583211262
306,PMGD PFV AMPARO DEL SOL,278533.73,6609119.17,Fotovoltaica,18H,18,H,-30.630063185313094,-77.31066644612096
307,PMGD PFV CHANCON,332113.0,6226523.0,Fotovoltaica,18H,18,H,-34.08862328883086,-76.81976269893232
308,PMGD PFV LOS LIBERTADORES,335485.0,6226835.0,Fotovoltaica,18H,18,H,-34.08634663130519,-76.78316959997522
311,PMGD PFV LAS CODORNICES,767243.15,5961802.23,Fotovoltaica,18 H,18,H,-36.45182065327075,-72.0181313883352
312,PMGD PFV LAS LECHUZAS,763556.95,5956931.47,Fotovoltaica,18 H,18,H,-36.49669370106569,-72.05755357478608
313,PMGD PFV EL RESPLANDOR,732739.0,5897568.0,Fotovoltaica,18H,18,H,-37.03927467351687,-72.3831568991938
314,PMGD PFV  ARGOMEDO,332986.0,6191178.0,Fotovoltaica,18H,18,H,-34.40736369649884,-76.81714150897155
315,PMGD  PFV PLAYERO,730173.0,6026660.0,Fotovoltaica,18H,18,H,-35.87728322030057,-72.45035411714699
316,PMGD PFV LAS TORTOLAS,732450.0,5927680.0,Fotovoltaica,18 H,18,H,-36.76818150025807,-72.39564198871665
317,PMGD PFV PLAYERITO,730173.0,6026660.0,Fotovoltaica,18H,18,H,-35.87728322030057,-72.45035411714699
318,PMGD PFV PARQUE SOLAR MECO CHILLAN,755934.43,5929082.64,Fotovoltaica,18H,18,H,-36.74950474250607,-72.13327918353595
319,PMGD PFV EL PIUQUEN,747582.925,5926621.67,Fotovoltaica,18H,18,H,-36.77388004169895,-72.22592469681871
320,PMGD PFV VENTURADA,755786.0,5937908.0,Fotovoltaica,18H,18,H,-36.6700849113563,-72.13789076039234
321,PMGD PFV BERRUECO,755305.0,5938214.0,Fotovoltaica,18H,18,H,-36.667458963158246,-72.14336874322515
322,PMGD PFV SDSI,738027.0,5842130.0,Fotovoltaica,18H,18,H,-37.53711639641529,-72.30600847091482
323,PMGD PFV ORION SOLAR,765628.0,5945935.0,Fotovoltaica,18 H,18,H,-36.595122612838985,-72.0306721436941
324,PMGD PFV HUAPE,745793.0,5945131.0,Fotovoltaica,18 H,18,H,-36.60767896629961,-72.25190089018392
325,PMGD PFV MOYA,735300.0,5894417.0,Fotovoltaica,18 H,18,H,-37.06701013442963,-72.35340379849993
